year,manufacturer,part_name,item_id
2020,kia,فلتر زيت,68b97cee3364699be59a4a0c
2020,kia,طبون امامي,68b97cee3364699be59a4a0e
2020,kia,ضو,68b97cee3364699be59a4a10
2007,hyundai,طبون خلفي,68b97cee3364699be59a4a12
2020,kia,طرمبة هدروليك,68b97cee3364699be59a4a14
2020,kia,محرك,68b97cee3364699be59a4a16
2020,kia,حساس اوكجين,68b97cef3364699be59a4a18
2005,kia,حساس كرنك,68b97cef3364699be59a4a1a
2020,kia,ستوب يمين,68b97cef3364699be59a4a1c
2020,kia,علبة سرعة,68b97cef3364699be59a4a1e
2010,hyundai,بللور سائق,68b97cef3364699be59a4a20
2020,hyundai,باب امامي يمين,68b97cef3364699be59a4a22
2020,hyundai,اكس اتوماتيك,68b97cef3364699be59a4a24
2015,kia,غطا باكاج,68b97cf03364699be59a4a26
2020,kia,غطا باكاج,68b97cf03364699be59a4a28
2020,kia,اكس اتوماتيك,68b97cf03364699be59a4a2a
2020,ford,طرمبة مكيف,68b97cf03364699be59a4a2c
2025,bmw,طرمبة بنزين,68b97cf03364699be59a4a2e
2020,kia,فلتر زيت,68b981c1612f0293c20db543
2020,kia,طبون امامي,68b981c1612f0293c20db545
2020,kia,ضو,68b981c1612f0293c20db547
2007,hyundai,طبون خلفي,68b981c1612f0293c20db549
2020,hyundai,طرمبة هدروليك,68b981c1612f0293c20db54b
2020,hyundai,محرك,68b981c2612f0293c20db54d
2020,hyundai,حساس اوكجين,68b981c2612f0293c20db54f
2005,hyundai,حساس كرنك,68b981c2612f0293c20db551
2020,hyundai,ستوب يمين,68b981c2612f0293c20db553
2020,hyundai,علبة سرعة,68b981c2612f0293c20db555
2010,hyundai,بللور سائق,68b981c2612f0293c20db557
2020,hyundai,باب امامي يمين,68b981c2612f0293c20db559
2020,hyundai,اكس اتوماتيك,68b981c3612f0293c20db55b
2015,hyundai,غطا باكاج,68b981c3612f0293c20db55d
2020,hyundai,غطا باكاج,68b981c3612f0293c20db55f
2020,hyundai,اكس اتوماتيك,68b981c3612f0293c20db561
2020,hyundai,طرمبة مكيف,68b981c3612f0293c20db563
2025,hyundai,طرمبة بنزين,68b981c3612f0293c20db565
2020,hyundai,غطا محرك,68b9833b612f0293c20db585
2020,hyundai,ضو امامي يسار,68b983a7612f0293c20db594
2020,hyundai,طارة,68b98430612f0293c20db596
2020,hyundai,ستوب,68b98474612f0293c20db598
2020,hyundai,جنط,68b98495612f0293c20db59a
2020,hyundai,باب,68b984b2612f0293c20db59c
2020,hyundai,ديسك فرام,68b984d8612f0293c20db59e
2020,hyundai,ديسك فرام,68b9850c612f0293c20db5a0
2020,hyundai,ديسك فرام,68b98527612f0293c20db5a2
2020,hyundai,ديسك فرام,68b98535612f0293c20db5a4
2020,hyundai,كمبيوتر,68b98562612f0293c20db5a6
2020,hyundai,كمبيوتر,68b9857c612f0293c20db5a8
2020,hyundai,كمبيوتر,68b9858b612f0293c20db5aa
2020,hyundai,كمبيوتر,68b985aa612f0293c20db5ac
2020,hyundai,مشط دركسيون,68b98644612f0293c20db5ae
2020,hyundai,مشط دركسيون,68b98658612f0293c20db5b0
2020,hyundai,صينية دوزان,68b986b3612f0293c20db5b2
2020,hyundai,صينية دوزان,68b987d4612f0293c20db5c9
2020,hyundai,صينية دوزان,68b987f6612f0293c20db5cb
2020,hyundai,ضو,68b98807612f0293c20db5cd
2020,hyundai,ضو,68b98812612f0293c20db5cf
2020,hyundai,ضو,68b98822612f0293c20db5d1
2020,hyundai,فلتر زيت,68b99062c02accb223b32d28
2020,kia,فلتر زيت,68b9ad1b9d6743e586455001
2020,kia,طبون امامي,68b9ad1c9d6743e586455003
2020,kia,ضو,68b9ad1c9d6743e586455005
2007,hyundai,طبون خلفي,68b9ad1c9d6743e586455007
2020,hyundai,طرمبة هدروليك,68b9ad1c9d6743e586455009
2020,hyundai,محرك,68b9ad1c9d6743e58645500b
2020,hyundai,حساس اوكجين,68b9ad1c9d6743e58645500d
2005,hyundai,حساس كرنك,68b9ad1c9d6743e58645500f
2020,hyundai,ستوب يمين,68b9ad1d9d6743e586455011
2020,hyundai,علبة سرعة,68b9ad1d9d6743e586455013
2010,hyundai,بللور سائق,68b9ad1d9d6743e586455015
2020,hyundai,باب امامي يمين,68b9ad1d9d6743e586455017
2020,hyundai,اكس اتوماتيك,68b9ad1d9d6743e586455019
2015,hyundai,غطا باكاج,68b9ad1d9d6743e58645501b
2020,hyundai,غطا باكاج,68b9ad1d9d6743e58645501d
2020,hyundai,اكس اتوماتيك,68b9ad1e9d6743e58645501f
2020,hyundai,طرمبة مكيف,68b9ad1e9d6743e586455021
2025,hyundai,طرمبة بنزين,68b9ad1e9d6743e586455023
2020,kia,فلتر زيت,68b9cf96bfa05e420780a1c8
2020,kia,طبون امامي,68b9cf97bfa05e420780a1ca
2020,kia,ضو,68b9cf97bfa05e420780a1cc
2007,hyundai,طبون خلفي,68b9cf97bfa05e420780a1ce
2020,hyundai,طرمبة هدروليك,68b9cf97bfa05e420780a1d0
2020,hyundai,محرك,68b9cf97bfa05e420780a1d2
2020,hyundai,حساس اوكجين,68b9cf97bfa05e420780a1d4
2005,hyundai,حساس كرنك,68b9cf97bfa05e420780a1d6
2020,hyundai,ستوب يمين,68b9cf98bfa05e420780a1d8
2020,hyundai,علبة سرعة,68b9cf98bfa05e420780a1da
2010,hyundai,بللور سائق,68b9cf98bfa05e420780a1dc
2020,hyundai,باب امامي يمين,68b9cf98bfa05e420780a1de
2020,hyundai,اكس اتوماتيك,68b9cf98bfa05e420780a1e0
2015,hyundai,غطا باكاج,68b9cf98bfa05e420780a1e2
2020,hyundai,غطا باكاج,68b9cf98bfa05e420780a1e4
2020,hyundai,اكس اتوماتيك,68b9cf99bfa05e420780a1e6
2020,hyundai,طرمبة مكيف,68b9cf99bfa05e420780a1e8
2025,hyundai,طرمبة بنزين,68b9cf99bfa05e420780a1ea
2020,hyundai,فلتر زيت,68b9cfd3bfa05e420780a1f2
